Name,Owner,Summary,Status,End at
multiple section,Teacher mereos,,Draft,2025-09-11T21:54:00-11:00
multiple section,Teacher mereos,,Draft,2025-09-11T21:51:00-11:00
Cypress Assessment_inv,Teacher mereos,,Opened,2029-08-31T19:47:00-11:00
Cypress Assessment,Teacher mereos,,Draft,2025-08-31T18:58:00-11:00
Cypress Assessment,Teacher mereos,,Draft,2025-08-31T18:56:00-11:00
Cypress Assessment,Teacher mereos,,Draft,2025-08-31T18:55:00-11:00
Cypress Assessment,Teacher mereos,,Draft,2025-08-31T18:54:00-11:00
Cypress Assessment,Teacher mereos,,Draft,2025-08-31T18:53:00-11:00
cypress duplicate playlis,Teacher mereos,,Draft,2027-08-21T18:55:00-11:00
Cypress Assessment,Teacher mereos,,Draft,2025-08-30T00:27:00-11:00
Cypress Assessment,Teacher mereos,,Draft,2025-08-29T22:37:00-11:00
Cypress Assessment,Teacher mereos,,Draft,2025-08-29T22:34:00-11:00
Cypress Assessment,Teacher mereos,,Draft,2025-08-29T22:33:00-11:00
Cypress Assessment,Teacher mereos,,Draft,2025-08-29T22:31:00-11:00
Cypress Assessment,Teacher mereos,,Draft,2025-08-29T22:30:00-11:00
Cypress Assessment,Teacher mereos,,Draft,2025-08-29T22:28:00-11:00
Multiple section assessment 2,Teacher mereos,,Opened,2027-08-21T18:55:00-11:00
Test,Teacher mereos,,Draft,2025-08-16T08:03:00-11:00
f,Teacher mereos,,Draft,2025-08-13T15:45:00-11:00
Simple assessment,Teacher mereos,,Draft,2025-08-11T01:15:00-11:00
Random assessment,Teacher mereos,,Draft,2025-08-11T01:11:00-11:00
Fixed Type Assessment,Teacher mereos,,Draft,2025-08-11T00:00:00-11:00
Bruno Guy,Teacher mereos,,Opened,2025-08-10T19:40:00-11:00
wref,Teacher mereos,,Draft,2025-07-25T20:08:00-11:00
py-gen,Teacher mereos,,Draft,2026-03-21T04:38:00-11:00